backgroundScrollSpeed,0,-0.002
shipSpeed,13,13
shipHealth,66,
shipFireCooldown,0.3,
shipShotDamage,3,
shipShotGlowSpeed,8,
shipShotVelocity,0,10
shipWrap,FALSE,
shipRammingDamage,1,
aeroflotProjectileVelocity,0.2,-1
aeroflotProjectileGlowSpeed,6,
aeroflotProjectileDamage,8,
aeroflotProjectileVariance,0,2
billProjectileVelocity,0,-5
billProjectileGlowSpeed,33,
billProjectileDamage,0.1,
billProjectileVariance,2,0
carProjectileVelocity,0.2,-1
carProjectileGlowSpeed,6,
carProjectileDamage,6,
carProjectileVariance,6,0
keshaProjectileVelocity,0.3,-1
keshaProjectileGlowSpeed,8,
keshaProjectileDamage,8,
keshaProjectileVariance,8,0
keshaEnemySpeed,1,0
keshaEnemyHealth,1,
keshaEnemyFireCooldownTime,10,
keshaEnemyWrapScreen,TRUE,
keshaEnemyRammingDamage,1,
aeroflotEnemySpeed,1,1
aeroflotEnemyHealth,1,
aeroflotEnemyFireCooldownTime,1,
aeroflotEnemyWrapScreen,FALSE,
aeroflotEnemyRammingDamage,1,
billEnemyHealth,5,
billEnemySpeed,2,0
billEnemyFireCooldownTime,0.1,
billEnemyWrapScreen,TRUE,
billEnemyRammingDamage,1,
carEnemySpeed,1,1
carEnemyHealth,6,
carEnemyFireCooldownTime,0.3,
carEnemyWrapScreen,FALSE,
carEnemyRammingDamage,2,