backgroundScrollSpeed,0.0005,0
shipSpeed,4,4
shipHealth,30,
shipFireCooldown,0.2,
shipShotDamage,2,
shipShotGlowSpeed,0,
shipShotVelocity,20,0
shipWrap,FALSE,
shipRammingDamage,1,
aeroflotProjectileVelocity,0,0
aeroflotProjectileGlowSpeed,0,
aeroflotProjectileDamage,10,
aeroflotProjectileVariance,0,0
billProjectileVelocity,-5,0
billProjectileGlowSpeed,0,
billProjectileDamage,1,
billProjectileVariance,2,1
carProjectileVelocity,0,0
carProjectileGlowSpeed,2,
carProjectileDamage,-3,
carProjectileVariance,0,0
keshaProjectileVelocity,0.2,-1
keshaProjectileGlowSpeed,4,
keshaProjectileDamage,5,
keshaProjectileVariance,5,0
keshaEnemySpeed,1,1
keshaEnemyHealth,30,
keshaEnemyFireCooldownTime,0.9,
keshaEnemyWrapScreen,TRUE,
keshaEnemyRammingDamage,1,
aeroflotEnemySpeed,1,1
aeroflotEnemyHealth,50,
aeroflotEnemyFireCooldownTime,7,
aeroflotEnemyWrapScreen,FALSE,
aeroflotEnemyRammingDamage,1,
billEnemyHealth,200,
billEnemySpeed,0,1
billEnemyFireCooldownTime,0.05,
billEnemyWrapScreen,FALSE,
billEnemyRammingDamage,1,
carEnemySpeed,1,1
carEnemyHealth,100,
carEnemyFireCooldownTime,10,
carEnemyWrapScreen,FALSE,
carEnemyRammingDamage,2,
